{
    "crnn-CC_Fold0": {
        "validation_mean F all": 0.5256822936819014,
        "validation_mean P all": 0.6034959046435834,
        "validation_mean R all": 0.6248817571530022,
        "validation_sum F all": 0.6451569434969724,
        "validation_sum P all": 0.6311401123799166,
        "validation_sum R all": 0.6598105081826012,
        "validation_mean F 35": 0.7759159679764632,
        "validation_mean P 35": 0.7409390347181882,
        "validation_mean R 35": 0.861791096800062,
        "validation_sum F 35": 0.7947168029884749,
        "validation_sum P 35": 0.7327176731071287,
        "validation_sum R 35": 0.8681779451993363,
        "validation_mean F 38": 0.716689539458745,
        "validation_mean P 38": 0.8117918327482935,
        "validation_mean R 38": 0.6900315896601134,
        "validation_sum F 38": 0.7249417613858444,
        "validation_sum P 38": 0.8207597266966403,
        "validation_sum R 38": 0.6491571932575461,
        "validation_mean F 47": 0.24003808705316357,
        "validation_mean P 47": 0.4989000598894438,
        "validation_mean R 47": 0.3628449286813087,
        "validation_sum F 47": 0.21008673305493092,
        "validation_sum P 47": 0.29113247863247865,
        "validation_sum R 47": 0.16433812443461654,
        "validation_mean F 42": 0.5228494717823178,
        "validation_mean P 42": 0.5180773728454097,
        "validation_mean R 42": 0.6800523941037621,
        "validation_sum F 42": 0.6222517129032499,
        "validation_sum P 42": 0.5635668755401901,
        "validation_sum R 42": 0.6945789850368669,
        "validation_mean F 49": 0.3729184021388171,
        "validation_mean P 49": 0.44777122301658173,
        "validation_mean R 49": 0.5296887765197651,
        "validation_sum F 49": 0.4272193283830211,
        "validation_sum P 49": 0.45229267376918386,
        "validation_sum R 49": 0.4047799059139785,
        "validation_peakThreshold": 0.18999999999999995,
        "rbma_mean F all": 0.3973489244753211,
        "rbma_mean P all": 0.42816392508297846,
        "rbma_mean R all": 0.6620836257426603,
        "rbma_sum F all": 0.5821473931025499,
        "rbma_sum P all": 0.5201047425080012,
        "rbma_sum R all": 0.660996893950599,
        "rbma_mean F 35": 0.7572754259653498,
        "rbma_mean P 35": 0.6681586170272117,
        "rbma_mean R 35": 0.9563320200507937,
        "rbma_sum F 35": 0.7507405840033855,
        "rbma_sum P 35": 0.6151178918169209,
        "rbma_sum R 35": 0.9630836047774158,
        "rbma_mean F 38": 0.3681300907796046,
        "rbma_mean P 38": 0.4027270773812189,
        "rbma_mean R 38": 0.673520418930048,
        "rbma_sum F 38": 0.5504938817632316,
        "rbma_sum P 38": 0.5285956964892412,
        "rbma_sum R 38": 0.5742848354352507,
        "rbma_mean F 47": 0.20151084154815374,
        "rbma_mean P 47": 0.32342708972115647,
        "rbma_mean R 47": 0.4434903325041643,
        "rbma_sum F 47": 0.2567111999001124,
        "rbma_sum P 47": 0.2178889359898262,
        "rbma_sum R 47": 0.3123670616833789,
        "rbma_mean F 42": 0.5491259247867318,
        "rbma_mean P 42": 0.5546195252854995,
        "rbma_mean R 42": 0.6881524991091916,
        "rbma_sum F 42": 0.6040142415587464,
        "rbma_sum P 42": 0.5795915302597988,
        "rbma_sum R 42": 0.6305857364594396,
        "rbma_mean F 49": 0.11070233929676557,
        "rbma_mean P 49": 0.19188731599980546,
        "rbma_mean R 49": 0.5489228581191045,
        "rbma_sum F 49": 0.15377489578508569,
        "rbma_sum P 49": 0.13112164296998421,
        "rbma_sum R 49": 0.1858902575587906,
        "rbma_peakThreshold": 0.18999999999999995,
        "enst_wet_mean F all": 0.6196048274105388,
        "enst_wet_mean P all": 0.7498673808352069,
        "enst_wet_mean R all": 0.6813271655370419,
        "enst_wet_sum F all": 0.7315605873874627,
        "enst_wet_sum P all": 0.7912073016446773,
        "enst_wet_sum R all": 0.6802766015306321,
        "enst_wet_mean F 35": 0.7973026496479385,
        "enst_wet_mean P 35": 0.9748981723669037,
        "enst_wet_mean R 35": 0.7485669604839269,
        "enst_wet_sum F 35": 0.8217414625424637,
        "enst_wet_sum P 35": 0.9706441393875396,
        "enst_wet_sum R 35": 0.7124476825298404,
        "enst_wet_mean F 38": 0.6899644128212404,
        "enst_wet_mean P 38": 0.887739604339419,
        "enst_wet_mean R 38": 0.6387183228823095,
        "enst_wet_sum F 38": 0.6672225310357606,
        "enst_wet_sum P 38": 0.9134956874682902,
        "enst_wet_sum R 38": 0.5255399883245767,
        "enst_wet_mean F 47": 0.4268115028127978,
        "enst_wet_mean P 47": 0.6805031729281853,
        "enst_wet_mean R 47": 0.5000525819019289,
        "enst_wet_sum F 47": 0.33393393393393395,
        "enst_wet_sum P 47": 0.2839632277834525,
        "enst_wet_sum R 47": 0.40524781341107874,
        "enst_wet_mean F 42": 0.7933591908780104,
        "enst_wet_mean P 42": 0.7941755595075973,
        "enst_wet_mean R 42": 0.8224533287393193,
        "enst_wet_sum F 42": 0.8211330362826226,
        "enst_wet_sum P 42": 0.8034046086776002,
        "enst_wet_sum R 42": 0.8396615317856368,
        "enst_wet_mean F 49": 0.3905863808927068,
        "enst_wet_mean P 49": 0.4120203950339292,
        "enst_wet_mean R 49": 0.6968446336777248,
        "enst_wet_sum F 49": 0.4821428571428572,
        "enst_wet_sum P 49": 0.4560168895144265,
        "enst_wet_sum R 49": 0.5114443567482242,
        "enst_wet_peakThreshold": 0.18999999999999995,
        "enst_sum_mean F all": 0.5175788558579353,
        "enst_sum_mean P all": 0.7298116993499758,
        "enst_sum_mean R all": 0.5713830585870536,
        "enst_sum_sum F all": 0.6237201176496606,
        "enst_sum_sum P all": 0.7239963035219221,
        "enst_sum_sum R all": 0.5478419641816558,
        "enst_sum_mean F 35": 0.742263979158343,
        "enst_sum_mean P 35": 0.9381249077612255,
        "enst_sum_mean R 35": 0.6903753271135991,
        "enst_sum_sum F 35": 0.7702825888787602,
        "enst_sum_sum P 35": 0.9349413587076787,
        "enst_sum_sum R 35": 0.6549372190358084,
        "enst_sum_mean F 38": 0.5541542456645312,
        "enst_sum_mean P 38": 0.9045234428008958,
        "enst_sum_mean R 38": 0.4756625944646659,
        "enst_sum_sum F 38": 0.5101479915433405,
        "enst_sum_sum P 38": 0.9252300613496932,
        "enst_sum_sum R 38": 0.35215995329830707,
        "enst_sum_mean F 47": 0.27486702681859393,
        "enst_sum_mean P 47": 0.6584888012909613,
        "enst_sum_mean R 47": 0.32979695107960033,
        "enst_sum_sum F 47": 0.214915797914996,
        "enst_sum_sum P 47": 0.23885918003565063,
        "enst_sum_sum R 47": 0.19533527696793002,
        "enst_sum_mean F 42": 0.6714613935731584,
        "enst_sum_mean P 42": 0.8490288382138282,
        "enst_sum_mean R 42": 0.5961506440327012,
        "enst_sum_sum F 42": 0.722204624643649,
        "enst_sum_sum P 42": 0.8679762448606669,
        "enst_sum_sum R 42": 0.6183553916250814,
        "enst_sum_mean F 49": 0.34514763407504945,
        "enst_sum_mean P 49": 0.29889250668296874,
        "enst_sum_mean R 49": 0.7649297762447016,
        "enst_sum_sum F 49": 0.42026556658502,
        "enst_sum_sum P 49": 0.31208117939881297,
        "enst_sum_sum R 49": 0.6432517758484609,
        "enst_sum_peakThreshold": 0.18999999999999995,
        "mdb_mean F all": 0.5065107649387087,
        "mdb_mean P all": 0.6185547077545714,
        "mdb_mean R all": 0.6975252470890666,
        "mdb_sum F all": 0.6458576830525953,
        "mdb_sum P all": 0.7094094547651412,
        "mdb_sum R all": 0.592756183745583,
        "mdb_mean F 35": 0.7199806426823995,
        "mdb_mean P 35": 0.7651435978244746,
        "mdb_mean R 35": 0.7311090303935586,
        "mdb_sum F 35": 0.7078052034689792,
        "mdb_sum P 35": 0.7272104180945853,
        "mdb_sum R 35": 0.6894087069525666,
        "mdb_mean F 38": 0.6168070594294041,
        "mdb_mean P 38": 0.8818441947123418,