{
    "crnn-CC_Fold0": {
        "validation_mean F all": 0.5111558420904101,
        "validation_mean P all": 0.6042199757124354,
        "validation_mean R all": 0.6195564935577524,
        "validation_sum F all": 0.6321629229360495,
        "validation_sum P all": 0.6224246741538016,
        "validation_sum R all": 0.6422107378696525,
        "validation_mean F 35": 0.7378905016332182,
        "validation_mean P 35": 0.6620590631214304,
        "validation_mean R 35": 0.8915314712042652,
        "validation_sum F 35": 0.7512319424406513,
        "validation_sum P 35": 0.645178939237899,
        "validation_sum R 35": 0.899008924167003,
        "validation_mean F 38": 0.6645377310067629,
        "validation_mean P 38": 0.8789713588499628,
        "validation_mean R 38": 0.5936177829266471,
        "validation_sum F 38": 0.67690387881729,
        "validation_sum P 38": 0.8882823871906841,
        "validation_sum R 38": 0.5467883743069945,
        "validation_mean F 47": 0.25162433884202345,
        "validation_mean P 47": 0.45970410015179414,
        "validation_mean R 47": 0.39576414684111544,
        "validation_sum F 47": 0.21425217187133133,
        "validation_sum P 47": 0.2575137575843093,
        "validation_sum R 47": 0.18343552115790532,
        "validation_mean F 42": 0.5087715536907308,
        "validation_mean P 42": 0.6017903325448949,
        "validation_mean R 42": 0.6124914974002247,
        "validation_sum F 42": 0.6382894378236418,
        "validation_sum P 42": 0.6334710337365989,
        "validation_sum R 42": 0.6431817046986568,
        "validation_mean F 49": 0.39295508527931494,
        "validation_mean P 49": 0.41857502389409434,
        "validation_mean R 49": 0.6043775694165098,
        "validation_sum F 49": 0.4583341459133725,
        "validation_sum P 49": 0.4277913284065674,
        "validation_sum R 49": 0.49357358870967744,
        "validation_peakThreshold": 0.18999999999999995,
        "rbma_mean F all": 0.37944187767081616,
        "rbma_mean P all": 0.4129093718325037,
        "rbma_mean R all": 0.6291965878482813,
        "rbma_sum F all": 0.5587340231284236,
        "rbma_sum P all": 0.4865724381625442,
        "rbma_sum R all": 0.6560266793711291,
        "rbma_mean F 35": 0.7327871433198082,
        "rbma_mean P 35": 0.6279192140482537,
        "rbma_mean R 35": 0.9799121857263354,
        "rbma_sum F 35": 0.718342287029931,
        "rbma_sum P 35": 0.565558912386707,
        "rbma_sum R 35": 0.9842271293375394,
        "rbma_mean F 38": 0.44069475585631346,
        "rbma_mean P 38": 0.5039878323436962,
        "rbma_mean R 38": 0.5487972346765857,
        "rbma_sum F 38": 0.39497307001795334,
        "rbma_sum P 38": 0.4411764705882353,
        "rbma_sum R 38": 0.35752979414951247,
        "rbma_mean F 47": 0.13813168090674768,
        "rbma_mean P 47": 0.154990853051847,
        "rbma_mean R 47": 0.42953448111557374,
        "rbma_sum F 47": 0.16696914700544463,
        "rbma_sum P 47": 0.11281422440220723,
        "rbma_sum R 47": 0.32111692844677137,
        "rbma_mean F 42": 0.4317684769469106,
        "rbma_mean P 42": 0.5031914213722944,
        "rbma_mean R 42": 0.5641635391474122,
        "rbma_sum F 42": 0.5588975751954418,
        "rbma_sum P 42": 0.5643564356435643,
        "rbma_sum R 42": 0.5535433070866141,
        "rbma_mean F 49": 0.1538273313243006,
        "rbma_mean P 49": 0.2744575383464272,
        "rbma_mean R 49": 0.6235754985754985,
        "rbma_sum F 49": 0.3235294117647059,
        "rbma_sum P 49": 0.32217573221757323,
        "rbma_sum R 49": 0.32489451476793246,
        "rbma_peakThreshold": 0.18999999999999995,
        "mdb_mean F all": 0.5412202222298582,
        "mdb_mean P all": 0.6819831845743674,
        "mdb_mean R all": 0.6887277692136798,
        "mdb_sum F all": 0.6628194558944764,
        "mdb_sum P all": 0.7251082251082251,
        "mdb_sum R all": 0.6103856665654418,
        "mdb_mean F 35": 0.6443175851256335,
        "mdb_mean P 35": 0.6251929644552525,
        "mdb_mean R 35": 0.7176767019180856,
        "mdb_sum F 35": 0.6763990267639902,
        "mdb_sum P 35": 0.6,
        "mdb_sum R 35": 0.775092936802974,
        "mdb_mean F 38": 0.5599828771556231,
        "mdb_mean P 38": 0.988064713064713,
        "mdb_mean R 38": 0.497032552051059,
        "mdb_sum F 38": 0.45404071560764964,
        "mdb_sum P 38": 0.989247311827957,
        "mdb_sum R 38": 0.2946357085668535,
        "mdb_mean F 47": 0.42857142857142855,
        "mdb_mean P 47": 0.5714285714285714,
        "mdb_mean R 47": 0.8571428571428571,
        "mdb_sum F 47": 0.0,
        "mdb_sum P 47": 0.0,
        "mdb_sum R 47": 0.0,
        "mdb_mean F 42": 0.7155235363970291,
        "mdb_mean P 42": 0.9308556612869702,
        "mdb_mean R 42": 0.6663136366261563,
        "mdb_sum F 42": 0.8443328550932567,
        "mdb_sum P 42": 0.8712065136935603,
        "mdb_sum R 42": 0.8190675017397355,
        "mdb_mean F 49": 0.35770568389957613,
        "mdb_mean P 49": 0.2943740126363296,
        "mdb_mean R 49": 0.7054730983302412,
        "mdb_sum F 49": 0.3622641509433962,
        "mdb_sum P 49": 0.23529411764705882,
        "mdb_sum R 49": 0.7868852459016393,
        "mdb_peakThreshold": 0.18999999999999995,
        "enst_sum_mean F all": 0.37331083230492124,
        "enst_sum_mean P all": 0.6812947184220983,
        "enst_sum_mean R all": 0.4076106992540979,
        "enst_sum_sum F all": 0.5231013572047357,
        "enst_sum_sum P all": 0.67568071615069,
        "enst_sum_sum R all": 0.42673733804475855,
        "enst_sum_mean F 35": 0.507849328127124,
        "enst_sum_mean P 35": 0.8761149288529172,
        "enst_sum_mean R 35": 0.3878263734358466,
        "enst_sum_sum F 35": 0.4962779156327543,
        "enst_sum_sum P 35": 0.8714596949891068,
        "enst_sum_sum R 35": 0.3469210754553339,
        "enst_sum_mean F 38": 0.21568912638184157,
        "enst_sum_mean P 38": 0.9523809523809523,
        "enst_sum_mean R 38": 0.1327502470319675,
        "enst_sum_sum F 38": 0.17404817404817405,
        "enst_sum_sum P 38": 0.9955555555555555,
        "enst_sum_sum R 38": 0.09535972754363559,
        "enst_sum_mean F 47": 0.08410428477561292,
        "enst_sum_mean P 47": 0.4391294979530273,
        "enst_sum_mean R 47": 0.08718530147101576,
        "enst_sum_sum F 47": 0.10431654676258993,
        "enst_sum_sum P 47": 0.10661764705882353,
        "enst_sum_sum R 47": 0.10211267605633803,
        "enst_sum_mean F 42": 0.7314750183872243,
        "enst_sum_mean P 42": 0.8343635352545673,
        "enst_sum_mean R 42": 0.6809427879584795,
        "enst_sum_sum F 42": 0.8014311270125224,
        "enst_sum_sum P 42": 0.8704663212435233,
        "enst_sum_sum R 42": 0.7425414364640884,
        "enst_sum_mean F 49": 0.3274364038528034,
        "enst_sum_mean P 49": 0.30448467766902787,
        "enst_sum_mean R 49": 0.7493487863731805,
        "enst_sum_sum F 49": 0.44912849614916905,
        "enst_sum_sum P 49": 0.3396689147762109,
        "enst_sum_sum R 49": 0.6626794258373205,
        "enst_sum_peakThreshold": 0.18999999999999995,
        "enst_wet_mean F all": 0.48093155382745084,
        "enst_wet_mean P all": 0.683967520083778,
        "enst_wet_mean R all": 0.519734958566429,
        "enst_wet_sum F all": 0.618826849425519,
        "enst_wet_sum P all": 0.7203190990145472,
        "enst_wet_sum R all": 0.5424028268551236,
        "enst_wet_mean F 35": 0.6208740119346797,
        "enst_wet_mean P 35": 0.9894642924645667,
        "enst_wet_mean R 35": 0.47536981791131144,
        "enst_wet_sum F 35": 0.6004828002414001,
        "enst_wet_sum P 35": 0.9871031746031746,
        "enst_wet_sum R 35": 0.43148308759757154,
        "enst_wet_mean F 38": 0.5541734407137925,
        "enst_wet_mean P 38": 0.9322686644722816,
        "enst_wet_mean R 38": 0.4572349039230514,
        "enst_wet_sum F 38": 0.4790265770092859,
        "enst_wet_sum P 38": 0.9664082687338501,
        "enst_wet_sum R 38": 0.31843337590464027,