{
    "crnn-CC_Fold0": {
        "validation_mean F all": 0.576741694458225,
        "validation_mean P all": 0.6413906798157656,
        "validation_mean R all": 0.6714364738769271,
        "validation_sum F all": 0.71316306950445,
        "validation_sum P all": 0.723842667451817,
        "validation_sum R all": 0.7027940239193191,
        "validation_mean F 35": 0.8026569291789328,
        "validation_mean P 35": 0.8130208667384077,
        "validation_mean R 35": 0.8484651576042324,
        "validation_sum F 35": 0.8234149792200902,
        "validation_sum P 35": 0.8164839982463832,
        "validation_sum R 35": 0.8304646392580041,
        "validation_mean F 38": 0.8005591043820014,
        "validation_mean P 38": 0.839403837179787,
        "validation_mean R 38": 0.8080072429152709,
        "validation_sum F 38": 0.7892268041237114,
        "validation_sum P 38": 0.8210311821326112,
        "validation_sum R 38": 0.7597945562365085,
        "validation_mean F 47": 0.28971121418797463,
        "validation_mean P 47": 0.29128807919793004,
        "validation_mean R 47": 0.6126432227345854,
        "validation_sum F 47": 0.4151245004611128,
        "validation_sum P 47": 0.33770131039311796,
        "validation_sum R 47": 0.5386088066368858,
        "validation_mean F 42": 0.6090474243225515,
        "validation_mean P 42": 0.6864472801236683,
        "validation_mean R 42": 0.6716776777567015,
        "validation_sum F 42": 0.7234542102028273,
        "validation_sum P 42": 0.7314657154575622,
        "validation_sum R 42": 0.7156162984399509,
        "validation_mean F 49": 0.3817338002196643,
        "validation_mean P 49": 0.576793335839035,
        "validation_mean R 49": 0.4163890683738461,
        "validation_sum F 49": 0.41439829114106747,
        "validation_sum P 49": 0.5786842953885843,
        "validation_sum R 49": 0.32276631143486667,
        "validation_peakThreshold": 0.2699999999999999,
        "adtof_mean F all": 0.5579464026524212,
        "adtof_mean P all": 0.6427897899200072,
        "adtof_mean R all": 0.6163408737900756,
        "adtof_sum F all": 0.6596815447778488,
        "adtof_sum P all": 0.6902496974442942,
        "adtof_sum R all": 0.6317060358903986,
        "adtof_mean F 35": 0.8004448995112555,
        "adtof_mean P 35": 0.8270579518037846,
        "adtof_mean R 35": 0.8207058674788278,
        "adtof_sum F 35": 0.8129628192191259,
        "adtof_sum P 35": 0.8290771495970742,
        "adtof_sum R 35": 0.7974629570408273,
        "adtof_mean F 38": 0.7306260487648422,
        "adtof_mean P 38": 0.8195648908549614,
        "adtof_mean R 38": 0.7065994492928312,
        "adtof_sum F 38": 0.7076400229509644,
        "adtof_sum P 38": 0.7999501060246975,
        "adtof_sum R 38": 0.6344300892309519,
        "adtof_mean F 47": 0.30349162409402985,
        "adtof_mean P 47": 0.3342770588594668,
        "adtof_mean R 47": 0.4919223428886469,
        "adtof_sum F 47": 0.3456702383555653,
        "adtof_sum P 47": 0.3013822688274547,
        "adtof_sum R 47": 0.40521661112535245,
        "adtof_mean F 42": 0.5492819678290528,
        "adtof_mean P 42": 0.597367702052816,
        "adtof_mean R 42": 0.6502622709462799,
        "adtof_sum F 42": 0.6418149967536843,
        "adtof_sum P 42": 0.6332430864436279,
        "adtof_sum R 42": 0.6506221593025855,
        "adtof_mean F 49": 0.4058874730629262,
        "adtof_mean P 49": 0.6356813460290079,
        "adtof_mean R 49": 0.4122144383437921,
        "adtof_sum F 49": 0.4698112837798114,
        "adtof_sum P 49": 0.6738812682707443,
        "adtof_sum R 49": 0.3606088866159261,
        "adtof_peakThreshold": 0.2699999999999999,
        "rbma_mean F all": 0.4192142751893991,
        "rbma_mean P all": 0.47925899809770456,
        "rbma_mean R all": 0.6219059955484132,
        "rbma_sum F all": 0.5847002912770198,
        "rbma_sum P all": 0.5120379486261524,
        "rbma_sum R all": 0.6813959028108623,
        "rbma_mean F 35": 0.8180128417549327,
        "rbma_mean P 35": 0.7894181055808572,
        "rbma_mean R 35": 0.878685432263929,
        "rbma_sum F 35": 0.8464689496968705,
        "rbma_sum P 35": 0.7947692307692308,
        "rbma_sum R 35": 0.9053627760252366,
        "rbma_mean F 38": 0.2456290044158117,
        "rbma_mean P 38": 0.2554570557332988,
        "rbma_mean R 38": 0.6210018437132864,
        "rbma_sum F 38": 0.44005512172714745,
        "rbma_sum P 38": 0.38197767145135564,
        "rbma_sum R 38": 0.5189599133261105,
        "rbma_mean F 47": 0.10347131709046277,
        "rbma_mean P 47": 0.11879211431129989,
        "rbma_mean R 47": 0.4503721912026521,
        "rbma_sum F 47": 0.11642112827883579,
        "rbma_sum P 47": 0.07330316742081448,
        "rbma_sum R 47": 0.28272251308900526,
        "rbma_mean F 42": 0.5152169351763948,
        "rbma_mean P 42": 0.5375218947572464,
        "rbma_mean R 42": 0.6584183220100102,
        "rbma_sum F 42": 0.6019912578921807,
        "rbma_sum P 42": 0.5600994125621328,
        "rbma_sum R 42": 0.6506561679790026,
        "rbma_mean F 49": 0.41374127750939343,
        "rbma_mean P 49": 0.69510582010582,
        "rbma_mean R 49": 0.5010521885521886,
        "rbma_sum F 49": 0.13333333333333333,
        "rbma_sum P 49": 0.5454545454545454,
        "rbma_sum R 49": 0.0759493670886076,
        "rbma_peakThreshold": 0.2699999999999999,
        "enst_wet_mean F all": 0.4374185998515826,
        "enst_wet_mean P all": 0.7022164830531183,
        "enst_wet_mean R all": 0.4615987828137826,
        "enst_wet_sum F all": 0.5373521776752235,
        "enst_wet_sum P all": 0.6928226106359241,
        "enst_wet_sum R all": 0.43886925795053006,
        "enst_wet_mean F 35": 0.36377467639709327,
        "enst_wet_mean P 35": 1.0,
        "enst_wet_mean R 35": 0.2544262917655873,
        "enst_wet_sum F 35": 0.3216885007278021,
        "enst_wet_sum P 35": 1.0,
        "enst_wet_sum R 35": 0.191673894189072,
        "enst_wet_mean F 38": 0.5311439458313298,
        "enst_wet_mean P 38": 0.9151015302434554,
        "enst_wet_mean R 38": 0.43006224190560305,
        "enst_wet_sum F 38": 0.45457505698469547,
        "enst_wet_sum P 38": 0.9667590027700831,
        "enst_wet_sum R 38": 0.29714772243507875,
        "enst_wet_mean F 47": 0.26793908728762506,
        "enst_wet_mean P 47": 0.32044155773311656,
        "enst_wet_mean R 47": 0.4795963295963296,
        "enst_wet_sum F 47": 0.1436818473380372,
        "enst_wet_sum P 47": 0.08784313725490196,
        "enst_wet_sum R 47": 0.39436619718309857,
        "enst_wet_mean F 42": 0.7579631876506899,
        "enst_wet_mean P 42": 0.8531438181390023,
        "enst_wet_mean R 42": 0.7378932654691738,
        "enst_wet_sum F 42": 0.8365348399246704,
        "enst_wet_sum P 42": 0.8558766859344894,
        "enst_wet_sum R 42": 0.8180478821362799,
        "enst_wet_mean F 49": 0.2662721020911749,
        "enst_wet_mean P 49": 0.42239550915001683,
        "enst_wet_mean R 49": 0.4060157853322195,
        "enst_wet_sum F 49": 0.4288135593220339,
        "enst_wet_sum P 49": 0.7354651162790697,
        "enst_wet_sum R 49": 0.3026315789473684,
        "enst_wet_peakThreshold": 0.2699999999999999,
        "enst_sum_mean F all": 0.358347052231905,
        "enst_sum_mean P all": 0.6666744405072331,
        "enst_sum_mean R all": 0.3510640577229369,
        "enst_sum_sum F all": 0.47078125,
        "enst_sum_sum P all": 0.6990719257540603,
        "enst_sum_sum R all": 0.35488810365135454,
        "enst_sum_mean F 35": 0.3166073660345751,
        "enst_sum_mean P 35": 0.9313155098869385,
        "enst_sum_mean R 35": 0.20853236818661433,
        "enst_sum_sum F 35": 0.28204186558942346,
        "enst_sum_sum P 35": 0.920863309352518,
        "enst_sum_sum R 35": 0.16652211621856028,
        "enst_sum_mean F 38": 0.3675872379709148,
        "enst_sum_mean P 38": 0.9177389479863243,
        "enst_sum_mean R 38": 0.2649210629813756,
        "enst_sum_sum F 38": 0.3138373751783167,