Version,Kick P,Kick R
23-03-20,0.8567644351394359,0.71039972591678
