{
    "crnn-RB_Fold0": {
        "validation_mean F all": 0.6805680314724234,
        "validation_mean P all": 0.752342242001534,
        "validation_mean R all": 0.7187217651844864,
        "validation_sum F all": 0.772208281707152,
        "validation_sum P all": 0.7860113357440512,
        "validation_sum R all": 0.7588816489579411,
        "validation_mean F 35": 0.9093977177385684,
        "validation_mean P 35": 0.9063369723500216,
        "validation_mean R 35": 0.93816326608196,
        "validation_sum F 35": 0.9199519829012283,
        "validation_sum P 35": 0.9158092628756302,
        "validation_sum R 35": 0.9241323529411765,
        "validation_mean F 38": 0.8075019896191472,
        "validation_mean P 38": 0.9009387733958321,
        "validation_mean R 38": 0.7701936997833556,
        "validation_sum F 38": 0.8084784568048318,
        "validation_sum P 38": 0.9060932565483931,
        "validation_sum R 38": 0.7298505508482502,
        "validation_mean F 47": 0.4293105490225784,
        "validation_mean P 47": 0.5882730685883807,
        "validation_mean R 47": 0.46521411873966184,
        "validation_sum F 47": 0.4386752660081095,
        "validation_sum P 47": 0.4769795242040478,
        "validation_sum R 47": 0.40606579676558013,
        "validation_mean F 42": 0.67699734316806,
        "validation_mean P 42": 0.6880180550518864,
        "validation_mean R 42": 0.7788848111556103,
        "validation_sum F 42": 0.7352830282636997,
        "validation_sum P 42": 0.6898259383843238,
        "validation_sum R 42": 0.7871536715763179,
        "validation_mean F 49": 0.5796325578137639,
        "validation_mean P 49": 0.6781443406215494,
        "validation_mean R 49": 0.6411529301618435,
        "validation_sum F 49": 0.6827708805229807,
        "validation_sum P 49": 0.735082574471369,
        "validation_sum R 49": 0.6374099949142108,
        "validation_peakThreshold": 0.22999999999999995,
        "rbma_mean F all": 0.4365354530551331,
        "rbma_mean P all": 0.4896063277062907,
        "rbma_mean R all": 0.6565349651415651,
        "rbma_sum F all": 0.5934698577185623,
        "rbma_sum P all": 0.5345026814020325,
        "rbma_sum R all": 0.6670610856382192,
        "rbma_mean F 35": 0.7940198007534379,
        "rbma_mean P 35": 0.7285517244849095,
        "rbma_mean R 35": 0.932721192995081,
        "rbma_sum F 35": 0.7914241254106391,
        "rbma_sum P 35": 0.6877692076530101,
        "rbma_sum R 35": 0.9318675352877307,
        "rbma_mean F 38": 0.42505452109021746,
        "rbma_mean P 38": 0.4374948964650598,
        "rbma_mean R 38": 0.7018881751153885,
        "rbma_sum F 38": 0.5990692427020167,
        "rbma_sum P 38": 0.553125,
        "rbma_sum R 38": 0.6533374346354968,
        "rbma_mean F 47": 0.2231350605608739,
        "rbma_mean P 47": 0.3572688115070751,
        "rbma_mean R 47": 0.4007133181197079,
        "rbma_sum F 47": 0.2808069792802617,
        "rbma_sum P 47": 0.2546353522867738,
        "rbma_sum R 47": 0.31297477970221815,
        "rbma_mean F 42": 0.5257288975424249,
        "rbma_mean P 42": 0.4961587409912298,
        "rbma_mean R 42": 0.7242333384607716,
        "rbma_sum F 42": 0.5727236465170251,
        "rbma_sum P 42": 0.5149321857068336,
        "rbma_sum R 42": 0.6451270321052202,
        "rbma_mean F 49": 0.21473898532871113,
        "rbma_mean P 49": 0.4285574650831792,
        "rbma_mean R 49": 0.5231188010168762,
        "rbma_sum F 49": 0.17083333333333334,
        "rbma_sum P 49": 0.22486288848263253,
        "rbma_sum R 49": 0.13773796192609183,
        "rbma_peakThreshold": 0.22999999999999995,
        "enst_wet_mean F all": 0.6655752817232822,
        "enst_wet_mean P all": 0.8174958682374823,
        "enst_wet_mean R all": 0.6796414383521638,
        "enst_wet_sum F all": 0.7618797008968708,
        "enst_wet_sum P all": 0.8746349813714631,
        "enst_wet_sum R all": 0.6748766559185735,
        "enst_wet_mean F 35": 0.7531401422265884,
        "enst_wet_mean P 35": 0.9793828260355435,
        "enst_wet_mean R 35": 0.715832056345886,
        "enst_wet_sum F 35": 0.802367941712204,
        "enst_wet_sum P 35": 0.9726208876131597,
        "enst_wet_sum R 35": 0.6828398697876298,
        "enst_wet_mean F 38": 0.7207144493634465,
        "enst_wet_mean P 38": 0.8728099357791446,
        "enst_wet_mean R 38": 0.6891236445167577,
        "enst_wet_sum F 38": 0.727640488963152,
        "enst_wet_sum P 38": 0.9154680238990928,
        "enst_wet_sum R 38": 0.6037653239929948,
        "enst_wet_mean F 47": 0.4739965394206438,
        "enst_wet_mean P 47": 0.595846089012108,
        "enst_wet_mean R 47": 0.584760344081706,
        "enst_wet_sum F 47": 0.3733003708281829,
        "enst_wet_sum P 47": 0.3240343347639485,
        "enst_wet_sum R 47": 0.4402332361516035,
        "enst_wet_mean F 42": 0.7366120294578472,
        "enst_wet_mean P 42": 0.8777367453694918,
        "enst_wet_mean R 42": 0.7068011847761233,
        "enst_wet_sum F 42": 0.812554693425121,
        "enst_wet_sum P 42": 0.8789599899028145,
        "enst_wet_sum R 42": 0.7554784118029941,
        "enst_wet_mean F 49": 0.643413248147885,
        "enst_wet_mean P 49": 0.7617037449911237,
        "enst_wet_mean R 49": 0.7016899620403465,
        "enst_wet_sum F 49": 0.6961940796795014,
        "enst_wet_sum P 49": 0.7983665135273098,
        "enst_wet_sum R 49": 0.6172059984214681,
        "enst_wet_peakThreshold": 0.22999999999999995,
        "enst_sum_mean F all": 0.5809862133414517,
        "enst_sum_mean P all": 0.8182582349335024,
        "enst_sum_mean R all": 0.5727496606951088,
        "enst_sum_sum F all": 0.6936562443520694,
        "enst_sum_sum P all": 0.8288074286022783,
        "enst_sum_sum R all": 0.5964026261605998,
        "enst_sum_mean F 35": 0.7321445369363215,
        "enst_sum_mean P 35": 0.9710471519436007,
        "enst_sum_mean R 35": 0.6801107258403134,
        "enst_sum_sum F 35": 0.775631500742942,
        "enst_sum_sum P 35": 0.9673384294649062,
        "enst_sum_sum R 35": 0.647341497442257,
        "enst_sum_mean F 38": 0.5738597438178832,
        "enst_sum_mean P 38": 0.8882558395232747,
        "enst_sum_mean R 38": 0.504551762014488,
        "enst_sum_sum F 38": 0.5674643072591997,
        "enst_sum_sum P 38": 0.9120879120879121,
        "enst_sum_sum R 38": 0.4118505545826036,
        "enst_sum_mean F 47": 0.3499882349495185,
        "enst_sum_mean P 47": 0.6962449481641058,
        "enst_sum_mean R 47": 0.40558978322154626,
        "enst_sum_sum F 47": 0.3020408163265306,
        "enst_sum_sum P 47": 0.3432282003710575,
        "enst_sum_sum R 47": 0.2696793002915452,
        "enst_sum_mean F 42": 0.7629804440185239,
        "enst_sum_mean P 42": 0.7857776326492333,
        "enst_sum_mean R 42": 0.7981971791173923,
        "enst_sum_sum F 42": 0.7894004282655246,
        "enst_sum_sum P 42": 0.7792221517649546,
        "enst_sum_sum R 42": 0.7998481232371447,
        "enst_sum_mean F 49": 0.4859581069850116,
        "enst_sum_mean P 49": 0.7499656023872971,
        "enst_sum_mean R 49": 0.4752988532818042,
        "enst_sum_sum F 49": 0.4367626886145405,
        "enst_sum_sum P 49": 0.7164716471647165,
        "enst_sum_sum R 49": 0.31412786108918705,
        "enst_sum_peakThreshold": 0.22999999999999995,
        "mdb_mean F all": 0.5774988932631532,
        "mdb_mean P all": 0.7017347716424591,
        "mdb_mean R all": 0.7094882315164485,
        "mdb_sum F all": 0.6883961670280478,
        "mdb_sum P all": 0.7721638160991684,
        "mdb_sum R all": 0.6210247349823321,
        "mdb_mean F 35": 0.7895580680474079,
        "mdb_mean P 35": 0.8381845796629988,
        "mdb_mean R 35": 0.7707156847117366,
        "mdb_sum F 35": 0.796156485929993,
        "mdb_sum P 35": 0.8436363636363636,
        "mdb_sum R 35": 0.7537361923326835,
        "mdb_mean F 38": 0.6750933998377509,
        "mdb_mean P 38": 0.8934464165053096,
        "mdb_mean R 38": 0.6417458934375461,